firstname,lastname,email,password
d,1,d.1@gmail.com,sd
g,0,g.0@gmail.com,jj
g,0,g.0@gmail.com,jj
f,2,f.2@gmail.com,c
malya,1,malya.1@gmail.com,fs
dinda,nirmala,dinda.nirmala@gmail.com,coba123
dinda,dl,dinda.dl@gmail.com,777
h,1,h.1@gmail.com,cd
gg,h,gg.h@gmail.com,ff
adel,12,adel.12@gmail.com,cobaaa
z,2,z.2@gmail.com,cd
z,2,z.2@gmail.com,cd
z,2,z.2@gmail.com,cd
d,3,d.3@gmail.com,ff
f,7,f.7@gmail.com,ff
f,9,f.9@gmail.com,jj
f,9,f.9@gmail.com,jj
f,9,f.9@gmail.com,jj
f,9,f.9@gmail.com,jj
c,c,c.c@gmail.com,cc
